"user_id","value"
"007f879f3bc1616e0e3648e8c4bc5526","1"
"0175bb35aa40b52ae28e17209039bea8","1"
"01767ebec85ef0a1216e2aff9d0bef6d","2"
"0199a57c52fb7b14d62577b32ca5327f","1"
"021d6bf6edf772777aab77b2b40baa42","1"
"028afb3b9e5540c6df4b5db17f9fe4d3","1"
"032465089e80233c9643d2744ccc776a","3"
"032c52d79396c6b3f25f20e9ba09bd07","1"
"03b28455131e6af7c32c327bb7dc6672","2"
"047b80985eff9c203b6c0976fde3f0df","1"
"065b34409f6ff50a7eb28d7cedae5c94","1"
"069441df09112328505379876f44e2cc","1"
"06bbca80f23a0c5c029ad93cef34882b","1"
"06f0b505f3b822b5c1a365523226a25e","1"
"070b2d1c8da8ee65c88bd7a4f64cfd08","1"
"080347e2ae1e4e6b4fc9e08def62bbfb","1"
"08fef4108c3cb07e4e9b9661ba78db69","2"
"092b3c01d4951127af5624d2bd0a35df","2"
"09422e97d653cb38dcd18e267e3f0ebd","2"
"095260dfe4a99411faca0267cec0fa69","3"
"09ac882088147a439e13b8c8197b8cb4","2"
"09dd6553bb06fc9f6661c0a7aca416b4","8"
"0b4ff7a19e95b8453b5841192f9ed157","2"
"0baa5ee354cde1d379368c45739985c0","3"
"0c30c9bd50f0eab1037c6d1b81c6eb1b","1"
"0c63110363b1524c4c7df80d2fb00b80","2"
"0d083ccec401be6d716b7a49c6113d1c","1"
"0da596654444f20b7a589493e251f117","8"
"0dd898cdd58a6b5581714014f64bc996","3"
"0e3b29bdea88a82880b0d7d2c67228d8","8"
"0e91c80ee403dbb88d38551b375a782c","1"
"0eb3534f49885020be84bbd0ef45c18e","1"
"0f0cee9a82c3bb0f99a9095d37d6a138","1"
"0f7136474220258d4b1afee118582fe5","2"
"100c9597fc28cc5d1cb6ba1a1ff078e2","2"
"101ed471443b751467cfd5fdfc826b17","1"
"105c5683483a0d44df2f113557eee9ea","1"
"10cd21e5fccd809eecc2468276a13c77","1"
"126c06c42276dd7a58d003525054da93","1"
"12826baae271151ccc2c2144acd1068b","1"
"12dadd37eba89ac0c1d1d68c8a78f489","1"
"12f4b764d45f39e4db793bca16b34a29","1"
"13384319343873b2d6e41b241bd1733e","1"
"134baf8850caf0daf78eacf4d14037b7","1"
"14e046ddc0bac188cd15f53feffa65d4","1"
"157b35769d2db1a21ca5ba1b0e03bdb2","1"
"15e15ed19ca5ac1de32f3fb9436e9078","2"
"1690926bcf4081364da60cf0a30b65b4","1"
"17048df2c12fd2502fd593317afac9e0","3"
"1797f9f3ea65d734d6b9aa47bb5d359d","1"
"17a78aafc6255560cffa776e0d27c5b1","1"
"186002f632dabd173f0f27cdce6731b1","2"
"18ec1b67a28df538460f35564bd62257","1"
"191bdf9ddf4e164b202ae89cf0853418","1"
"194f05e46636e0d5630debf02ceb1499","10"
"1a21884e0bec25f583a2e3cf37049141","1"
"1a282331a7fe5275d9363b91b3965c6d","1"
"1a511991462fa7ec3a670cf6f3acfe25","2"
"1a5efd310e6ab9da81e6aeec55e79a3d","14"
"1ccbb17b3f77de04b44d44c95160c140","2"
"1d178a8d6ea78c5059e279a439df9dd7","2"
"1d1c4425403caa796accc78993fe4353","1"
"1d45c28a8890564c1026a6c80336362f","1"
"20c7c4e080a9a0eac673685f6d883430","1"
"22e2f682983efa64a775f8c7a5a8d5cc","2"
"23d478ea06d787d767ab00bb1c0f0c7e","1"
"24009f04c2398e7b189c031076adb4d4","2"
"2406f85054b9036e68d4481671de8dde","1"
"2458e31df85ba0afa7d87319cb385ea1","2"
"24c44d620ad24a4632397b3823a301ca","1"
"25fb47a67443c5f6c20618efb13027ef","1"
"261afaf068296237de9ab8aac552f08f","2"
"26505adac6fd7e758aa5dcb2a415b7a8","3"
"287bbd9e2aaa173ab66e7fe93311ae64","1"
"2944e90bc20cbc327a7a6c69067c8b64","1"
"297bc740e1af2caa21b2f85389c60e11","1"
"299cf52e15478d90cde5af9356f5b26b","1"
"29c126a6738640b77983cd5c20475221","1"
"2a292ea3ba779aaa8cb96cb407206a18","1"
"2a51900d74db4b239e4b7029a00ad72b","1"
"2a9f7f7c3f104e90a281ba0c2ef9a4a6","4"
"2ab5f250bb61ff08f328d567e25109e8","1"
"2ac14a4e1e590cb24ede375d1bd1e25b","1"
"2b49ea41df2e44c7be52e13f982386cb","12"
"2b97b7c42b4237bd4c4ec9bc95748352","3"
"2d42f515943567c9fa92a1a18e220c1a","1"
"2eb8fea5228e24cacb520704918dfb4d","1"
"2ec0d9a2a85548bb6703d4accfb95faf","1"
"30d730808c309034de3ebb5979e7477a","1"
"30eed8b40bf8435ff0e571fa4428d661","1"
"3103b2dab87b3aba47a5a9114ff8a4e3","1"
"310bb6762bd660e154faab5b5b330e9b","2"
"311a448c8b1dd16e13901c59212ad570","1"
"31370658ad49960f0069fc64361030ba","1"
"31b606c1c5d4cfdc0335578b07edb3ee","1"
"3253c3501ef9f0ade9dbff1b870b1eb0","2"
"32c7ff7380339392c80e8172f1adaa17","2"
"3309e480b7444d862f39cdd43998f45f","1"
"33af4eea328bef89a801f5157c9f0297","1"
"33cd647cd3f0626d1b9b506fa5f6f4bc","1"
"33f1c13316ac1b9c54d7b491c147e8e1","1"
"35189c228361b2b91a548a0fb730d770","1"
"3685f1069c630281e824c29c0cb180fe","2"
"38233453d3e7e3f9a1d19163592c4c9e","4"
"38a84c863ebfbb6279f80008824db5ae","1"
"38ed2e6a880b45e6d7fc9b1b158c8c6b","1"
"38f2df97deb8298c55016d8a6afb13e6","26"
"394bffb7478ba3307ac87e860fe48d41","2"
"399df438ca09b802c60321a8b7f1958d","2"
"39fed8443fd163a2681ec7a7f1c42877","1"
"3b07b7af776333c761751f844c8bc6df","2"
"3b61a301ea13f1f3b42460795e153359","3"
"3b7497e32c205085d890e99aac75bb73","3"
"3ca5c1fcec785dc5865a81b4153dd383","1"
"3cbecf1ee2d48649972c931ff5ce340d","1"
"3d19c6108c06632c263c6eb5e72288b2","1"
"3e19207e24f9b1ec904e726502c59584","3"
"3e639c38602f56b338b342b85a20bb59","2"
"3ed9413b0728c8645e1e807f233f9b5c","2"
"3f9c8f3f21b80c15af1ffca42748945c","1"
"3ff3f7868fc6c9bd6d746961e9effbd6","2"
"40edb821a43ee7c4576042790a8cde00","1"
"411926c6a93c1f7e85595ed030427153","2"
"418f4df7cdb57bfb4ea2ca19c093ffe6","1"
"4231ed239e9fcfee999e3385b0e0d1ff","1"
"431f8b260f20279bd82d7f54c9ffacc8","1"
"4347b1efc5c12b0eb3e3dfd944f6489e","1"
"43ab62056f1ec73d330aef8ae8b2205d","2"
"4493e49c69e54b0ac7c215b28de105d9","1"
"4585aff8e97dc698b0d3b834d7300ab3","14"
"45b224817e746b4324ff93422afd1b79","3"
"45b2c4f3132f50da387dc743b402d1d8","1"
"45babb2956b840effb817cd0ee692565","1"
"45f2967308f847a6f9da4d168492823c","1"
"46024e0f8b2a26689ef4a522097f02f1","2"
"4711c2125652822dc98f4e8e6fb2ac57","1"
"4776de5f06a5c6300cfc3ade14b86637","2"
"47fc86b96246b59036a18cf6bebaa2d4","1"
"48fc7e83549ba51dd71a035f8156ead7","1"
"4988e727800c517e2bca17cf494da2b6","1"
"4a2ae5b815b493fd6a601e83f1a006a1","1"
"4a92686ce0c2d2718c79c8c3abab9f2c","1"
"4b8ea31a3a212072eeb9e4e18e4272b1","1"
"4bb9d6cc391969dcdf66b3a1933d16c5","1"
"4cac014bd3964d4bd362f9f3782a7189","3"
"4d28ce0ea4208ffefee61ec420c49218","1"
"4d2e8710acd5045df3d55516d384d862","1"
"4e422b39b471edc4059092bcafa056a4","1"
"4e5be8fcfd14db47272c5d436d63c5e8","4"
"4e6cc25ea6f2e4a37c256435779d43a2","1"
"4f5c51c5ffb15d6efbc6254ec7a3bc77","16"
"4fac4180e93064ff1cc6938020d15c54","1"
"511bfeb3efb270107315abb1a76523c9","1"
"515428b13c4e77d103265fa45b272e48","1"
"518cb6865f9584b367fdd52f349f14d9","1"
"51ae55a42167c882ac8d994be26fee59","2"
"51b04e5449dc854f1f01b97ae677148b","1"
"53ba4e4931f784084b49f6ce492d38b8","2"
"54b87a07d79bf9244c3ec0b058332fc1","2"
"5675c8422a4c1ddda6e689f13b95920a","2"
"567b91bdc6662c7893b56420ec543952","1"
"56eb7a42658034bce7f6989f091e9329","2"
"580a7a6ff676bab43122d6c43bb808de","1"
"5836570f52330dee84cc4e731622b04a","2"
"58433478c255e90fc7c80e81d3054047","3"
"58e42049a393817c73a81bf92aedf145","1"
"5943b4a198efd8fe979b2f2769572a0e","3"
"596af83324e9c78b71f5f38219115d01","3"
"5971c25936379b996eba99a45ce909a0","2"
"5a22c7c207712a594e3b4e593acd4c1c","1"
"5a7c32e4e6c4b721f2dc2195a847e086","1"
"5b65bc742aec13e25efcc3f1fb8eacb1","2"
"5c30cadb91e298c7ccf4cd84f8148d06","1"
"5c3c5c618267a1457ed97cdbb76339bc","2"
"5ce9633998f7a6fad018d10081514a51","3"
"5d005317174e80eeb47c87b5b45f6b19","1"
"5d705d2e31fea7970908a1a1b40dc348","1"
"5de130e890947fc6a1e29a50599d8a9c","1"
"5e050ed27f3c9cc16e9cb191e7767703","1"
"5e2ad4f3d5d85b46cc8148b3c968ab75","1"
"5e313f6d2ba3c92f42d743230cb71a2c","1"
"5e9fc1f92a93520178694f313c7686fb","2"
"5f302d55897b8ea4ba6558d646d6da03","4"
"600a62e494200c779498f60b0801e43e","3"
"606f9f3758da1fe2b34ebcaacf091367","2"
"60b58ea4073f1e737e6d58a00318b239","2"
"610e5266be995d334a5a855e5f281783","2"
"6268d9f205e6128e4a77bfb27a9140fb","2"
"6278f2ab84d83edc2d52b66440fa5167","1"
"629b9a777fa94aecdfbe61ed82412422","4"
"63b5612be89668ceeadf021572adbdb1","1"
"64156015e703c200ac062e8f0a21b48f","2"
"643dc8167144d6b2b01e85d38c992932","1"
"64405cd8d7c87ec28b885d60a125789c","3"
"64667d96ad0d6ebb4f0b394326e66cc8","1"
"65febf6901c3bbcf779fc023c150c7b4","1"
"67fd5e1089059a5adb2a96282237f076","1"
"6872aced4c4e1cf08f0d157513149042","1"
"689eada4ce221ab6e7bf385c171d4e11","2"
"691efc6d05ab366ec67a722fcaec3821","3"
"69e967cd670990701a55a37b9a31feb4","19"
"6b48e2e5edf21ae421ef1d44ef87e86e","2"
"6b8681209296408539169a4fdc39ed23","1"
"6c6f78929aa5b3899159cefbe5aa36e5","1"
"6e64e36e49e0b1626c2a3079191ee7ad","1"
"6ef72ddd7c56b0d9547d7ad049b6ee11","2"
"6f37d229edf5b204a7e34da576cdcd91","1"
"7060565131d6d951054a90dbb99dda73","3"
"70c1c01c7c8790b26cefe0966051b87b","1"
"7198b187b6b8c91393708716c245a589","1"
"72afa976bd76199a95ecbb5de616a24f","3"
"72b027fed10ed63b0b807175442f8d9e","2"
"736dda6a8a89a2ac8de4202412306727","3"
"73badd4cedf26b12b466e31065b33266","1"
"73f7e70118c84a428e706c606d8b6b4b","5"
"740f1b3927351d88b7384a01c0db0990","1"
"74375583b4b42646a137779659e76903","1"
"7445d4715dabb97cad142ae4ea3be422","1"
"7598b792dbe576caa6f1477ea57e7bb0","2"
"76905c1b0c21c4dd1472b2dc0bf805fc","1"
"78022ae484709a5f8a87f9917e3fef33","1"
"79c1091443a3ebb548bbbbb4fc307ed4","7"
"7a0167b8233eb01bbb25ae4e3d4c9eae","2"
"7a549941dd7198d9dca13cc17286e9ee","1"
"7b58d95bc1b84209e8b015a7b3a8726a","1"
"7c1602f0379e72fdcfc1008c88b5bf69","2"
"7ce0e1c7f19aadeaa77592c8bdf482bb","1"
"7d145b5d368b72ffc5d40682ded1a9e1","1"
"7d2058436080f39fde0676ef20848a37","1"
"7da600906185d83c2230800f38fb737e","1"
"7f46fe7c838d44d465530abe9d9de559","1"
"7fcd62d294c17f0418137733cec9b796","1"
"8032794bb4dc11a5120a23831d172aef","6"
"80b53640863d81ebff5fa29a456a0808","11"
"8145b60199b0f3871b53c9644df795fd","1"
"81db6d56401cba0c8631ca7efea7241a","1"
"821f30088159c629226f777a6dac11a8","1"
"82af7c63df42288cac08ea3e786e8d45","1"
"82e61aa9f9268df9ca3d1be090fac6d8","1"
"82f7168f1192f3eb6cbf7ead89c3cb8b","2"
"8579151138d542024116df1cd5f14de2","1"
"861778f0a9c17fc8d761e6fe64b16091","2"
"863baaad3f140bf246594a078fd4cf60","1"
"873dcad88c1a8c4b73b690ef1b59176c","3"
"874a018fc7385559b214fe86c04bf269","2"
"87b7b48ab7f8e54c2be00a9fc3647066","1"
"8820b729fba699fe9b536f7261bd7785","1"
"88ca5ceaab2f73f024b2b883c3d5e76a","2"
"891377d296de8ffa2fac841cbc7e25a8","9"
"893b085ae9be709a779d2a7294026a1a","2"
"89516690a90703c52b659729820c8e75","1"
"8a4e38cc7f38e5227ecfcdcaf4fef3a4","1"
"8a766b92e93d621b884cbae1f9a838cc","1"
"8bb913ec90d4480bcd34f8d2ce1ebed5","1"
"8c3475cd8855c4c4f8469dcb4852d297","1"
"8c3b4ffe4fcf27aa1800fce3d82e147b","1"
"8ca89b59ad9ea05c94cc11d9e5322f0e","1"
"8cf4e2c9522a7f645c3300e38da7007a","4"
"8d1c9427f20ac6ad7044dce104a23bb7","2"
"8d2fe3391303c7623e61eaddd06d9ecf","2"
"8dd726ffef580c8ed134f5e31a4a3c7a","4"
"8e73f2405cbd5acf8309fd0bfa4be366","2"
"8ef8f1fce1a9b2a6ca82802163b4b613","1"
"91837574db1cbef0d75f82418b81a576","1"
"91a5b6c8a8eb989cc905e8b2ae5f2e42","1"
"91e5e36add68cac7461869321766ff7e","1"
"91ed82c5a7f694ac792515106c8c54f2","5"
"931982fbf62409ec756acc53f4985cc0","1"
"940d869554ae7a92db646de6c8c83039","1"
"943f112a53cfca98369c1edc187266dc","2"
"945c9ac00762627b4a246b152496d543","1"
"94e60b4af7a71137941e3f9249abf867","1"
"95569e41cce1a7c7eb2daafa27e10685","1"
"96070fbb820e91676994052aebf36c76","1"
"96b6efff0ef754c37eae78ffdabdefdd","2"
"9840e8417a56d2882535d21d0aa8f467","1"
"98cc69eda54bafb15c10d9afc33dbaa8","1"
"994e517b4c2951a20d41cab4d4e1d678","3"
"999c9c77ea1619fec6a30e62abb5a683","1"
"9ae53c1ccc9b0afe25a98a4d947bcb3a","1"
"9b1834b5ac6426a302a2a49c981a3475","4"
"9c7e854d20438665d5ab9f77bf2ca80b","1"
"9cac2f86cad296b344b4ff8e34da70f9","2"
"9d0e5c8ef3f86fe3ff3c39a1d97365c3","1"
"9da17804e2266b49ee4eaaf4331f6b3e","2"
"9e60308d6df82976465c32bea24d9979","1"
"9f55b35dbc059dfcfc8af9eaaf51f27c","4"
"9f993f01dbea3ab33541ac17e8d0fa4a","1"
"9faf853d1c2c0e95f7f5a452e4520eae","17"
"9fcb04c58dcf59f9750052bbc62734ef","5"
"a0490f2fa173ca8cbf2d3100547e7b83","3"
"a04920a3c18124a190b697957627d14c","2"
"a06dd9a2990316177c10d0375c5b7c6d","1"
"a0745a831f748477cc1984e873a7a34e","1"
"a0efa775bb8393829fcffc97cf8041be","1"
"a1228c77694b0f27c4bbe668c16fbab8","1"
"a1360709c4ee1d56e0156388beea321e","1"
"a15ab233dd9ad387118e1dadd08dbf71","1"
"a17f7058ecf1cc8944800d925a794409","3"
"a1f77e196afa2768709161ac172be04c","1"
"a2180e0f32de9de923b7be0f99cde478","1"
"a2316818ea17f11c23efb1bcf3bd678b","3"
"a33b3418319ae461c64d9c09c3bddb40","7"
"a3e11a36ea8d12be8652397848752813","7"
"a476125d9c79b0657137b7d2dfd49619","1"
"a55b2e6a2e17ceb62ca313fefa07d05f","1"
"a563b9105654e8e29b5377ee9e64a738","1"
"a59ab4ea2ccc2714eae8ded66754642a","1"
"a5f5c52406c83e38bb54f96b31048742","2"
"a658efbcc09c6971fa111bc6e300936c","1"
"a695c87705b0eff4eda1b73527e1fc86","4"
"a768bd7f9e9586f743b903aa623ea8bc","1"
"a7cc275d85d12726260f18efa738f224","1"
"a8784a3df447942aba30f827c8aac912","5"
"a9f8963ff82487c065e0a0e3b56dc6c8","1"
"aa8cf37fb518b5522816c305cd8a1d24","1"
"aaccb16e4dce9149e0c1c318881905a5","3"
"aaf322ccca627dbb862206e082ec6b1c","2"
"ab563f219920b53d1dfc7b2aa0ca1342","2"
"abea2404abdb5574b2ea436dcf9ef6fb","5"
"ac5685480f3df22899155f4812f5f405","4"
"ad6de4850c5bb25313b76155ac291ac4","4"
"aeaa22f32954881ba74295cbc2a9b1e4","2"
"af79e46b1d8ba97ef93fd4b1dac7294a","1"
"b06c4d4030bd9a351ea3b753d323d05d","1"
"b07bf8c200af949cd57baaac85d4e7c0","2"
"b131a5ac47905c8a80a35b04eb03fdc5","1"
"b1a60c114d95cb2d75d73c5bb9daa600","1"
"b21d8041d2543c7e6dae79684946a671","1"
"b27a6bdb1523d0b2bf67248645ce7c3c","1"
"b2e992e1025e0fb66ee9f93f51a5e3e3","3"
"b3bdbea70b3233c401adcee5c5fc783d","3"
"b3dc330462e928864df77f287020ed4e","4"
"b4434335b3759412e712986d3daf9eaa","1"
"b4779f0e85a45a14384ccb0b65332fe8","13"
"b4789a66ce1ecf70bc2c63adae968255","1"
"b4abc9ca988749b3f0a1f7da4421743c","1"
"b4e2a3f491d6cf2ab9e3574798a4435c","1"
"b507e60fd54560fdfd31bc0babbe43b6","1"
"b50bde140176df5a5e95fb316ffc89d6","3"
"b5a31f6214b00a6e602f6c7f0cef161a","5"
"b5c415a4325527c03ad722621126404d","2"
"b5d8c2a1da7344e9d046a72c5f3a27fe","2"
"b641dfd245bc200d983ed5bb1e3c7647","1"
"b7989f10dc3bac8e7becfafaaeec0e47","3"
"b7cf816a49fb0f9515a9885cfa11af1d","1"
"b9e448d25028202397f53ccf59fd92dc","3"
"bac6b98a066823fba730ed331aef037c","2"
"bb4f791a9871fb0944ea8d808111da9e","1"
"bb556d66d77ffa2976bdec31c5c45518","1"
"bbdeb42d6c115745f180cd62b2452d44","2"
"bbf59180c688cfe077a7e3a118cee8d9","1"
"bc7b85f3ee689bb66e3e45f30d9d38c2","1"
"bd418907b40faf8406450c73f2b561e2","2"
"bf8b66e468da1a3b3648bbf34cd03310","3"
"c06d58ce5cddfbe33273d403b91e744d","2"
"c09dcfebc254180c803f1e7ffbf252af","1"
"c2e39b9da8cafe09a0742b5c16645fa7","1"
"c385334f022154623bb8b9d6987843a2","2"
"c3afcc751350004fa67a9f6625f9d827","1"
"c42cb3ffe1058979728e0dd3197a6beb","1"
"c47c9bc2985588eec12fe922fa34f2bf","1"
"c4f2bf6ccb494a91c6f0927522e2b1a9","1"
"c506b52145adc0e0117bfffabdb32b7e","1"
"c5d18530eb86ecf060a081048eb0e30e","1"
"c5d4d59e29ca42c6ea7abb5e80f6c5f1","4"
"c6890631ce1fce291fcafadf4cf2c795","2"
"c6f53532c435565df07b58eaa51e1d3d","2"
"c73f25b66ad8c81cd0aa215afc5d9865","1"
"c79016a9dd5dc4679a14e2b31c2f0869","2"
"c815311b5ea24a734c3f3e919d0e66fd","4"
"c8c0eb23e2db028c72729a9c2aca3d9f","1"
"c9cdbe689929567f156d9f7b009b1110","1"
"ca39fd0bcaa1bfdb257497baeda1f61f","2"
"cd3744f8926e510adb6a3877fca9bfc8","5"
"cd4a7de038d71dcee3a795b09db09f29","1"
"ce853457a74b188f74ed559ea616b723","1"
"ce9a67c5fcf594954123c9a35dc82889","1"
"cfdec54f843dece7eee5a29d697e177e","1"
"d0b0204ffbd6de18d825f0ccc247c706","2"
"d11c06cd38a18fc3cd4b50e16e1091fb","1"
"d1dd7f29121698a5986b295bc17fa851","2"
"d47ee49326e4779e1e385fa1b8317b2c","2"
"d56e3561e14aff916e90caeae4cd726f","2"
"d6689e577dc95643f3695d521d1d62e8","1"
"d7269deedf63f4b5b6277b65e2935e58","1"
"d7639021fd2634333a9ec62e752cff5c","2"
"d8155d63e8332e48dcca4512dc09a0b0","2"
"d85f264c8269de57964c3ade729bfb75","2"
"d889905852b8fe75bff799d0cb9f6ed5","1"
"d993f42a91f78db036ad340b21960911","2"
"dab32b5ebf784b58d2af2a402397efc2","5"
"daea74ddfefdaf484d6ee4064e22575b","1"
"db8d9dbfbcc052636ed6fa06521275fb","1"
"dceb404f61b66072e4f2af6e63f5ed79","1"
"dd07ed3900a97c08ee0ce77915197b60","1"
"dd3b56d0df3cec804836375f981df7d1","7"
"ddabab43c340a1485600c5ccfb12402f","1"
"df07aff07e72a1621f6dc31eb41e4242","5"
"dfaeb6c4e69955f158a02e056579db2c","2"
"dfbb1a6a7d94110211030f06f73b0737","2"
"e01865e5abf0196f0cf116db18c651f7","2"
"e07167d949317ecfc0443687c0fcdfe0","4"
"e0de5a5b01e7cc8eeddd89d84d589e2c","1"
"e311bafde138ed62c1b3f4a27334af0a","2"
"e34fec2d39f5c9ece12bb076017898a3","1"
"e3fb5206b683659f9e03e53b47f1c31f","7"
"e400803d611f8f826e39c771b5811309","1"
"e438bd2d17ef0314ca4a8e0bd43cb5f6","5"
"e45f720080bc9c3b73fedcf8c7918841","4"
"e4720e5d306c6d2819efeb4410da4f86","1"
"e47e1b18a0ea14b3a80557cc77276cbe","2"
"e5bdc38588864a6181b79e1e6621cc46","2"
"e5ef65f1da8eedcee9b16f1e8dbf3b23","3"
"e61cadbfe36aeaf689dd81fb6cb9e1d7","2"
"e6bb8e3c9dc420f5fe82ee168991ca99","1"
"e70d1508d36ee0c8cd8b65edcdfb744c","2"
"e7aa128df428262fb4a71c9af13d40dd","1"
"e7ebb27122e424e3ee349d93a3f4f2d2","1"
"e80d9a982d165afa6a7eef0295b2732e","1"
"e9229c61fcb902f9380b2b0f062f5302","1"
"e9773b1827637245c7a46781d0c4e6c2","1"
"e9e900916db8662ed0afa370a0c82c13","1"
"ea192e47997524fd2e231472b7d033a2","1"
"eaf831fe13f5b0de7585bb0cc030d601","1"
"eb152546b89494ed75841c24eeda1530","1"
"eb7476bb21e1a601b3ca4509db9c1eef","3"
"eb9388c1fa990e2f5c20c2a5103e0c6f","1"
"ec478f23e03205bad74136c19ab64c8e","1"
"ec6a3e59ba390b23e637444e73639aef","2"
"ecdd1de9245cd2cedfad1d5fff55878d","3"
"ed0850b596c045e1d346dbf7c5860ec7","1"
"edbe3e9dca5f5c86ac05e3eb9158d8f7","1"
"ee34c731a51a60d4634d909601b97963","1"
"ee832f2dd049915ba0df53fcd940e6ee","5"
"eee14ffc04b17062d4bba192be886fe7","6"
"f1a54471e7365c9395342710e052eef8","3"
"f2a2246c2c59192ddd85673d0ccd0fef","1"
"f3dead526d6ad39081a0a6de467f5ef3","6"
"f41726b9f1574858fdd1240b94807a05","3"
"f4f45e716786ef33fa6bbed13da0b2c4","3"
"f51b47180b1ef4b53d1a2ff6ca3d4eb7","3"
"f52991f01aa265789eee5aa6e6fe01fa","3"
"f6052ee27b4dca13ead3d726eb0d38b3","11"
"f691e4dc5e0e7acfaae35258ef47e926","1"
"f7b13185f3bfd4abe7a618c7dfca824f","5"
"f7c3a2d23850e486eb49b6ab7348efa5","7"
"f82d8891db22599e5a63a17ce3f424a6","3"
"f9d42204ff649c8ba09fe0ca92a374a9","2"
"fa632402d59fee10bbfb4325bb0d73d8","5"
"fa960b74e4ff59f036993a4717ff6d48","1"
"fbee7c920addbe9d5350b6669e3924ab","6"
"fd789a15ebf1f4e14e028a6b5f485b74","5"
"fdc23d407a99a7de8c84efeceb6f99d4","1"
"feb6c7f91639b553cd9b0c8beeb96bf4","1"
"ff0acf2e5e8d594353fcafdb83b3847e","3"
"ff154ff60ec4ecf57e8f560d795d9db3","1"
"ff740612d1c94942bbe1ab9834375c9c","1"
"ffc158229c647bc303945b8167201e8c","4"
